{
  "date": "2022-07-15T15:52:02.180Z",
  "title": "Teste Blog",
  "body": "###### <!--StartFragment-->\n\n###### Veja os benefícios da pulseira Magnética\n\n###### Nossos produtos valorizam sua saúde Deixe-nos saber como a pulseira magnética é boa para nossa saúde. Atual efeito de equilíbrio de íons negativos, cargas positivas e negativas para restaurar o equilíbrio do corpo, de modo a melhorar as funções do corpo, melhorar o estado de saúde.\n\n###### 1. O que é terapia magnética?\n\n###### A terapia magnética é baseada na teoria de que quando entregue diretamente ao corpo, campos magnéticos podem estimular a cura de uma série de problemas de saúde.\n\n###### 2. Como funcionam as nossas pulseiras magnéticas?\n\n###### A teoria magnética gira nas artérias ao redor do pulso, cujos ímãs melhoram a circulação, dando ao corpo mais nutrientes necessários ao sangue, melhorando a saúde naturalmente. Função magnética Efeitos no sistema neural Efeitos no sistema dos vasos sanguíneos Os efeitos do campo magnético na função imunológica Os efeitos do campo magnético na atividade enzimática\n\n###### 3. O que são raios infravermelhos distantes?\n\n###### Raios infravermelhos farão parte do espectro da luz solar que é invisível a olho nu. Infravermelho distante tem sido comprovado pelos cientistas para promover o crescimento e a saúde das células vivas, especialmente em plantas, animais e seres humanos.\n\n###### Função do infravermelho:\n\n###### Acelerar a circulação sanguínea Ajustar a pressão arterial Melhorar a artralgia Promover o metabolismo\n\n###### 4. O que é íon negativo?\n\n###### Os Íons Negativos têm efeito revigorante no corpo humano e são criados naturalmente pela energia associada às ondas, cachoeiras e raios. Os níveis de íons negativos presentes em diferentes ambientes destacam a deficiência de íons negativos em nosso ambiente doméstico cotidiano. Função íon negativo: Ele ajuda a fortalecer as funções dos nervos autônomos. Reforça o colágeno (tecido que são resistentes e tensão relacionada) Melhora a permeabilidade da célula (membranas plasmáticas) melhorando o metabolismo. E fortalece o corpo sistema imunológico. Entre outros…\n\n###### 5. O que é o germânio?\n\n###### Aumentar a temperatura corporal Acelerar a circulação sanguínea Reduzir a fadiga\n\n###### 6. A eficácia da pulseira varia de acordo com o tamanho do design?\n\n###### Mesmo que os tamanhos e formas da pulseira variem, a eficácia permanece a mesma que o neodímio em cada pulseira em torno de 2500 Gauss. (Gauss é uma unidade de medida do campo magnético)\n\n###### 7. Posso usar os imãs ao redor do meu computador e outros equipamentos eletrônicos?\n\n###### Os ímãs podem ser usados ao redor do computador e de outros equipamentos eletrônicos de escritório com cuidado. Não coloque ímãs diretamente no computador. Não permita que os ímãs entrem em contrato com cartões de crédito ou outros cartões que utilizem uma tira magnética para digitalização, fitas de vídeo ou disquetes de computador, etc.\n\n###### 8.qualquer efeito colateral?\n\n###### A terapia magnética é muito segura. A Organização Mundial de Saúde (OMS) confirmou que os campos magnéticos estáticos não representam nenhum risco para a saúde. Nenhuma complicação foi relatada com seu uso adequado.\n\n![](/img/uploads/banner-pulseira-magnetica-limastore-mobile.webp)\n\n###### <!--EndFragment-->",
  "thumbnail": "/img/uploads/banner-colares-masculino-limastore-mobile.webp",
  "description": "Dicas Especias em Nosso Blog"
}