{
  "assetsByChunkName": {
    "vendors~app-account~app-checkout~app-confirmation~app-order": "chunk.b2f64752330ddea22472.js",
    "vendors~app-account~app-confirmation~app-order": "chunk.ee8cd142e415544b23e3.js",
    "vendors~app-account~app-checkout": "chunk.0da6d1b7538fa5caaf36.js",
    "admin": [
      "admin.4f8b0701bba07064b7d8.js",
      "admin.4f8b0701bba07064b7d8.js.map"
    ],
    "app-account": "chunk.e90140764d86a2e7d10c.js",
    "app-confirmation": "chunk.950b425caf125f2134ab.js",
    "app-order": "chunk.fafd1bbec21ded2c7bf6.js",
    "checkout": [
      "checkout.ca97de33fab1beaf413d.js",
      "checkout.ca97de33fab1beaf413d.js.map"
    ],
    "storefront": [
      "storefront.7a736cef66424d46d6b9.css",
      "storefront.2d707c385c110cd20149.js",
      "storefront.7a736cef66424d46d6b9.css.map",
      "storefront.2d707c385c110cd20149.js.map"
    ],
    "vendors~app-cart": "chunk.fafcbbf23dbac9fec59b.js",
    "vendors~app-checkout": "chunk.49fda5d64ebeb3791e74.js"
  }
}