{
  "marketing_stripe": {
    "text": "",
    "link": ""
  },
  "contacts_stripe": {
    "pages": [],
    "phone_wpp": true,
    "socials": true
  },
  "categories_list": {
    "featured": [
      "/acessorios-masculinos/?ACESSÓRIOS MASCULINOS",
      "/acessorios-femininos/?ACESSÓRIOS FEMININOS",
      "/acessorios-casais/?ACESSÓRIOS CASAIS",
      "/acessorios/?OUTLET",
      "/mais-vendidos?MAIS VENDIDOS"
    ],
    "random": 0,
    "full_width": true
  },
  "search_input": true,
  "desktop_megamenu": true
}
