{
  "meta_title": "Lima Store | Especializada em Vendas de Pulseiras Masculinas",
  "meta_description": "A Lima Store é uma loja virtual especializada na venda de acessórios, especialmente pulseiras para o público masculino. Entre e confira",
  "sections": [
    {
      "type": "banner-slider",
      "autoplay": 9000,
      "slides": [
        {
          "start": "",
          "end": "",
          "img": "/img/uploads/banner-pulseira-aco-inoxidavel-limastore-1.webp",
          "mobile_img": "/img/uploads/banner-pulseira-aco-inoxidavel-limastore-2.webp",
          "link": "/pulseira-de-aco/",
          "alt": "acessórios masculinos"
        },
        {
          "start": "",
          "end": "",
          "img": "/img/uploads/banner-pulseira-magnetica-masculina-limastore-1.webp",
          "link": "/pulseira-magnetica-masculina/",
          "alt": "pulseiras magneticas",
          "mobile_img": "/img/uploads/banner-pulseira-magnetica-masculina-limastore-2.webp"
        },
        {
          "start": "",
          "end": "",
          "img": "/img/uploads/banner-pulseira-couro-masculina-limastore-1.webp",
          "link": "/pulseiras-de-couro-masculinas/",
          "alt": "pulseiras de couro masculinas",
          "mobile_img": "/img/uploads/banner-pulseira-couro-masculina-limastore-2.webp"
        },
        {
          "start": "",
          "end": "",
          "img": "/img/uploads/banner-colar-casal-limastore-1.webp",
          "link": "colar-de-casal/",
          "alt": "acessorios casais",
          "mobile_img": "/img/uploads/banner-colar-casal-limastore-2.webp"
        }
      ],
      "full_width": true
    },
    {
      "type": "responsive-banner",
      "img": "/img/uploads/tarja-1.jpg",
      "mobile_img": "/img/uploads/tarja-mobile.jpg"
    },
    {
      "type": "banners-grid",
      "banners": [
        {
          "img": "/img/uploads/bne-tarja-pulseiras-magneticas.jpg",
          "link": "/pulseira-magnetica-masculina/"
        }
      ]
    },
    {
      "type": "banners-triple",
      "banners": [
        {
          "img": "/img/uploads/pulseirasclean.jpg",
          "alt": "",
          "link": "/acessorios-masculinos/",
          "mobile_img": ""
        },
        {
          "img": "/img/uploads/colaresclean.jpg",
          "alt": "",
          "link": "/colares-masculinos/"
        },
        {
          "img": "/img/uploads/femininoclean.jpg",
          "alt": "",
          "link": "/acessorios-femininos/"
        }
      ]
    },
    {
      "type": "collection-shelf",
      "shuffle": true,
      "collection_id": null,
      "limit": 12,
      "page": 1,
      "title": "DESTAQUES"
    },
    {
      "type": "collection-shelf",
      "shuffle": true,
      "collection_id": null,
      "limit": 12,
      "page": 2,
      "title": "MAIS VENDIDOS",
      "sort": "sales"
    },
    {
      "type": "custom-html",
      "html": "<h4 class=\"products-carousel__title\">Veja os comentários de quem já usou:</h4>"
    },
    {
      "type": "custom-html",
      "html": "<!-- Trustvox -->\n<script type=\"text/javascript\" src=\"//colt.trustvox.com.br/colt.min.js\"></script><script>var _trustvox_colt = _trustvox_colt || [];_trustvox_colt.push(['_storeId', '72470'], ['_limit', '9']);</script>\n<!-- /Trustvox -->\n<div id=\"_trustvox_colt\"></div>"
    },
    {
      "type": "collection-shelf",
      "shuffle": true,
      "collection_id": null,
      "limit": 12,
      "page": 3,
      "title": "OFERTAS"
    },
    {
      "type": "dynamic-showcase",
      "load_more": false,
      "sort": "offers"
    },
    {
      "type": "banners-grid",
      "banners": [
        {
          "img": "/img/uploads/videos.jpg",
          "link": "https://www.youtube.com/c/LimaStoreOficial/featured"
        }
      ]
    }
  ]
}
