{
  "sections": [
    {
      "type": "breadcrumbs",
      "enabled": true
    },
    {
      "type": "product-block",
      "enabled": true
    },
    {
      "type": "product-specifications",
      "enabled": true
    },
    {
      "type": "product-description",
      "enabled": true
    },
    {
      "type": "collection-shelf",
      "shuffle": false,
      "limit": 12,
      "page": 2,
      "sort": "views",
      "title": "Você também pode gostar"
    },
    {
      "type": "collection-shelf",
      "shuffle": false,
      "limit": 8,
      "page": 2,
      "title": "Quem comprou este produto, também comprou:",
      "sort": "sales"
    }
  ]
}